country,region_id,authority_id,auth_name_e,old_park_id,new_park_id,park_offical_id
Wales,W10000001,W06000005,Flintshire,FLINT_09afc4416ff5;FLINT_e23fbdd80b5a,e0069bb3b3f8,FLINT_0
Wales,W10000001,W06000005,Flintshire,FLINT_10480cdc7dae,537fadab9a74,FLINT_1
Wales,W10000001,W06000005,Flintshire,FLINT_91a8f969d1ab;FLINT_d4460bea38ac,aa5e3eef9081,FLINT_2
Wales,W10000001,W06000005,Flintshire,FLINT_80e9d6a5fba8,c1ab08c444a9,FLINT_3
Wales,W10000001,W06000005,Flintshire,FLINT_f3026087ec27;FLINT_469818a551ba;FLINT_d65c766db21d,48d1da9b44e1,FLINT_4
Wales,W10000001,W06000005,Flintshire,FLINT_3f908da17696;FLINT_99f33c87d111;FLINT_aa9c15baf80e;FLINT_d838b7e0d75f,b0a64fae4355,FLINT_5
Wales,W10000001,W06000005,Flintshire,FLINT_2af4f2b2fb03,25f2d4683043,FLINT_6
Wales,W10000001,W06000005,Flintshire,FLINT_de06768ff7ed,1442173d5f75,FLINT_7
Wales,W10000001,W06000005,Flintshire,FLINT_dd8af3ef8a54;FLINT_2c5c9f43b622,34d99b5019b5,FLINT_8
Wales,W10000001,W06000005,Flintshire,FLINT_bc4e643aefe9,2af47ee2a114,FLINT_9
Wales,W10000001,W06000005,Flintshire,FLINT_0a663f9db8f9,d180c6b41288,FLINT_10
Wales,W10000001,W06000005,Flintshire,FLINT_9ed1ccbb787e;FLINT_b01ce056bbb3,7a92297994f0,FLINT_11
Wales,W10000001,W06000005,Flintshire,FLINT_cfa8bb2b01a7,fcb011384418,FLINT_12
Wales,W10000001,W06000005,Flintshire,FLINT_40c7402a7150,791d7f183e68,FLINT_13
Wales,W10000001,W06000005,Flintshire,FLINT_441e5cd8d249,da6e6496857d,FLINT_14
Wales,W10000001,W06000005,Flintshire,FLINT_4fbaadbfddf5,ee0426e41f3f,FLINT_15
Wales,W10000001,W06000005,Flintshire,FLINT_4f3d05ac147f,cb76da513f28,FLINT_16
Wales,W10000001,W06000005,Flintshire,FLINT_9c66d27914c2,fdb54ac3fa6b,FLINT_17
Wales,W10000001,W06000005,Flintshire,FLINT_4ae62842b72f,76d1aa5c13e5,FLINT_18
Wales,W10000001,W06000005,Flintshire,FLINT_d32e5369bac4;FLINT_25eb59f706a9;FLINT_68df08253c86;FLINT_2441744a5062;FLINT_8c79f92ca444,69b43aefaa07,FLINT_19
Wales,W10000001,W06000005,Flintshire,FLINT_26a11f6dd240,cab71e67535c,FLINT_20
Wales,W10000001,W06000005,Flintshire,FLINT_77c9ea2ae904;FLINT_7bfe4f1183af,deefef6f228d,FLINT_21
Wales,W10000001,W06000005,Flintshire,FLINT_d66457408648;FLINT_b553d08ef6d5,70745aeaf7b6,FLINT_22
Wales,W10000001,W06000005,Flintshire,FLINT_8a2cd035d1c0;FLINT_4010f62a74e7,21f8d7743199,FLINT_23
Wales,W10000001,W06000005,Flintshire,FLINT_ac39a329d6f7,25a4fc46c892,FLINT_24
Wales,W10000001,W06000005,Flintshire,FLINT_311cf5748527,cfae169df0a7,FLINT_25
Wales,W10000001,W06000005,Flintshire,FLINT_357d8eb8f083;FLINT_085c4e4bd039,7b5750908218,FLINT_26
Wales,W10000001,W06000005,Flintshire,FLINT_c1e426e0f949;FLINT_654036c887ee,1abd7136370f,FLINT_27
Wales,W10000001,W06000005,Flintshire,FLINT_84395d84b285,20df9c7e9740,FLINT_28
Wales,W10000001,W06000005,Flintshire,FLINT_f6b405faaa95;FLINT_89c122c73d35;FLINT_8a3e9d6501e0,841ff95b4d63,FLINT_29
Wales,W10000001,W06000005,Flintshire,FLINT_bfa14a5478f2,dfac6ef28fb3,FLINT_30
Wales,W10000001,W06000005,Flintshire,FLINT_02c7e4063237;FLINT_c1c1b4244498,08ff0e082bd2,FLINT_31
Wales,W10000001,W06000005,Flintshire,FLINT_7a153357be60,baea29a79fa4,FLINT_32
Wales,W10000001,W06000005,Flintshire,FLINT_cb9ea44be2dd;FLINT_f2d0400036df,c1219574adad,FLINT_33
Wales,W10000001,W06000005,Flintshire,FLINT_4d54a22cfec3;FLINT_5cf853e99b61,63019a5e0ec8,FLINT_34
Wales,W10000001,W06000005,Flintshire,FLINT_5cc8abbceb54;FLINT_f1561a0683d4,e93a49fe91bd,FLINT_35
Wales,W10000001,W06000005,Flintshire,FLINT_2b72ef354422;FLINT_e816fa3ec3b9;FLINT_966832336c82;FLINT_8cad12eef7e8;FLINT_7012bb445949;FLINT_1e36d8387777;FLINT_c75de470bc18;FLINT_307e04f5325a;FLINT_66812c76a4e8;FLINT_8b10350e2281;FLINT_9c50a8cb265f,77fea9705f78,FLINT_36
Wales,W10000001,W06000005,Flintshire,FLINT_0a356ec13d21;FLINT_380b96da85fd,f0181f9045a2,FLINT_37
Wales,W10000001,W06000005,Flintshire,FLINT_cee01139e197,5e81ffa9de18,FLINT_38
Wales,W10000001,W06000005,Flintshire,FLINT_6588aef82fd2;FLINT_f533ad59085d;FLINT_3ab0590095a5,b36bd0c5e2fd,FLINT_39
Wales,W10000001,W06000005,Flintshire,FLINT_3aded34828ce;FLINT_c339d1f37f21,fa52d20df852,FLINT_40
Wales,W10000001,W06000005,Flintshire,FLINT_06eb86ea483f;FLINT_a010aaf2d316,a833d5d048ca,FLINT_41
Wales,W10000001,W06000005,Flintshire,FLINT_8a803567008d;FLINT_a248267bb5c4,9853b073300f,FLINT_42
Wales,W10000001,W06000005,Flintshire,FLINT_a79a1543eb9c,324f4aa405dc,FLINT_43
Wales,W10000001,W06000005,Flintshire,FLINT_0eb7865eb618,139ee46b4e1b,FLINT_44
Wales,W10000001,W06000005,Flintshire,FLINT_fe6637667425;FLINT_e0408df06580,d07f2e85fc8c,FLINT_45
Wales,W10000001,W06000005,Flintshire,FLINT_7c4e815d27d3,c75009ccafb0,FLINT_46
Wales,W10000001,W06000005,Flintshire,FLINT_446a60d85002,9f705d1b3211,FLINT_47
Wales,W10000001,W06000005,Flintshire,FLINT_1907ad1490ec,35e2d2b2b891,FLINT_48
Wales,W10000001,W06000005,Flintshire,FLINT_8168dce9e3e4,8fdfdfae5158,FLINT_49
Wales,W10000001,W06000005,Flintshire,FLINT_8bc58c3cd403,d7ba8f0c6c55,FLINT_50
Wales,W10000001,W06000005,Flintshire,FLINT_8065523bd4ed;FLINT_3c30074d6b91;FLINT_3eef4568e68a,a4cef4ea49eb,FLINT_51
Wales,W10000001,W06000005,Flintshire,FLINT_41163d641712,62929cdb1775,FLINT_52
Wales,W10000001,W06000005,Flintshire,FLINT_07d2055f31fe,72fa6796d6f7,FLINT_53
Wales,W10000001,W06000005,Flintshire,FLINT_5fe7605a7fcc,ae9fad8b9665,FLINT_54
Wales,W10000001,W06000005,Flintshire,FLINT_aa6948a0a4cf,5bcc35ce22e1,FLINT_55
Wales,W10000001,W06000005,Flintshire,FLINT_6ccc38ecb987,073d3f0925c6,FLINT_56
Wales,W10000001,W06000005,Flintshire,FLINT_11e79e04998e,627b3853e96b,FLINT_57
Wales,W10000001,W06000005,Flintshire,FLINT_5909975f7534,8d0765d10447,FLINT_58
Wales,W10000001,W06000005,Flintshire,FLINT_698ce3abf520,ada7f2c54599,FLINT_59
Wales,W10000001,W06000005,Flintshire,FLINT_807e2f32cfcf,2fa0f0ca66a8,FLINT_60
Wales,W10000001,W06000005,Flintshire,FLINT_60055f21e92c,7e0c78092ebb,FLINT_61
Wales,W10000001,W06000005,Flintshire,FLINT_bc54705bfba9,b3146d83c6f8,FLINT_62
Wales,W10000001,W06000005,Flintshire,FLINT_fb4c74985050,8c9451ffca23,FLINT_63
Wales,W10000001,W06000005,Flintshire,FLINT_ea19a5a2763e,9231e76d8824,FLINT_64
Wales,W10000001,W06000005,Flintshire,FLINT_bd40b527cfa4,da66e12c6254,FLINT_65
Wales,W10000001,W06000005,Flintshire,FLINT_92984e1db6b6,e80befc878f5,FLINT_66
Wales,W10000001,W06000005,Flintshire,FLINT_06fa577beb93,d28338bac118,FLINT_67
Wales,W10000001,W06000005,Flintshire,FLINT_7fd472145d47,39fd4e1e2ab0,FLINT_68
Wales,W10000001,W06000005,Flintshire,FLINT_b503b1d53004;FLINT_6e5f2bea0da6,477db59096c4,FLINT_69
Wales,W10000001,W06000005,Flintshire,FLINT_3b9b531da6ea,f3d873436a9b,FLINT_70
Wales,W10000001,W06000005,Flintshire,FLINT_f03bde4aac16,d8ace995872b,FLINT_71
Wales,W10000001,W06000005,Flintshire,FLINT_782e4a1e59fc,be007260ff2b,FLINT_72
Wales,W10000001,W06000005,Flintshire,FLINT_a0419fe7f572,19c4318951b3,FLINT_73
Wales,W10000001,W06000005,Flintshire,FLINT_a511a8cf19ae,e4504178520d,FLINT_74
Wales,W10000001,W06000005,Flintshire,FLINT_c5cf892e7c26,97fcf03524d0,FLINT_75
Wales,W10000001,W06000005,Flintshire,FLINT_8e5377c01e95,abdd5fe87dc9,FLINT_76
Wales,W10000001,W06000005,Flintshire,FLINT_d901bc2ca43f,4149ce6fac56,FLINT_77
Wales,W10000001,W06000005,Flintshire,FLINT_b056cb6949f0,fc6ae88d2032,FLINT_78
Wales,W10000001,W06000005,Flintshire,FLINT_a62a18dcc51e,95bccef1f8dd,FLINT_79
Wales,W10000001,W06000005,Flintshire,FLINT_68beaeb3f3c6,bc089f9ef46f,FLINT_80
Wales,W10000001,W06000005,Flintshire,FLINT_c37778df3313,b45b42d79e96,FLINT_81
Wales,W10000001,W06000005,Flintshire,FLINT_961e1bce004c,141ca4c25cff,FLINT_82
Wales,W10000001,W06000005,Flintshire,FLINT_f672015e7d0d,58495f75fcca,FLINT_83
Wales,W10000001,W06000005,Flintshire,FLINT_9b9dfd1d1faf,caa49c2f892b,FLINT_84
Wales,W10000001,W06000005,Flintshire,FLINT_42479c153edf;FLINT_a663f4aa2e43;FLINT_e9a37a9a2eae;FLINT_cfe68cb7af08,5aa7561a1439,FLINT_85
Wales,W10000001,W06000005,Flintshire,FLINT_d3011b0933a8,b363911507d4,FLINT_86
Wales,W10000001,W06000005,Flintshire,FLINT_1cc84bfc2609,fea5517dd96a,FLINT_87
Wales,W10000001,W06000005,Flintshire,FLINT_667fff0c5e19,3dc79735ff5c,FLINT_88
Wales,W10000001,W06000005,Flintshire,FLINT_a0d8cbea50fe,371223480acd,FLINT_89
Wales,W10000001,W06000005,Flintshire,FLINT_d686c0c141cb,044475dfa6cb,FLINT_90
Wales,W10000001,W06000005,Flintshire,FLINT_0895769139e7,f8993561029c,FLINT_91
Wales,W10000001,W06000005,Flintshire,FLINT_b6eb4f2dc994,7806288bc8d5,FLINT_92
Wales,W10000001,W06000005,Flintshire,FLINT_c283ad3036f1,97868c5bfc69,FLINT_93
Wales,W10000001,W06000005,Flintshire,FLINT_c4aa83483e3c,def1684e36f2,FLINT_94
Wales,W10000001,W06000005,Flintshire,FLINT_5a6e0d7aa2d2,1bb872659e1d,FLINT_95
Wales,W10000001,W06000005,Flintshire,FLINT_0ff39184126b,449f4ce0ca31,FLINT_96
Wales,W10000001,W06000005,Flintshire,FLINT_09880601d2c3,20d00ae23d20,FLINT_97
Wales,W10000001,W06000005,Flintshire,FLINT_874bed7c368e,6a4465bb02fb,FLINT_98
Wales,W10000001,W06000005,Flintshire,FLINT_5a02fe55d399,7e0a21346ba7,FLINT_99
Wales,W10000001,W06000005,Flintshire,FLINT_ecc5a6573683,b228e81be8c9,FLINT_100
Wales,W10000001,W06000005,Flintshire,FLINT_da3b348ad228,f1015e6180fb,FLINT_101
Wales,W10000001,W06000005,Flintshire,FLINT_659f5846ffa2,b202ef68e578,FLINT_102
Wales,W10000001,W06000005,Flintshire,FLINT_80d558a989e5,026b22f296f2,FLINT_103
Wales,W10000001,W06000005,Flintshire,FLINT_6196654e1c0e,c39830969bda,FLINT_104
Wales,W10000001,W06000005,Flintshire,FLINT_37c94f98bf3c,116a9d8ac90a,FLINT_105
Wales,W10000001,W06000005,Flintshire,FLINT_0932ff95d2d2,c78ff9230d59,FLINT_106
Wales,W10000001,W06000005,Flintshire,FLINT_91b468f1b7c6,a84f9fb717d9,FLINT_107
Wales,W10000001,W06000005,Flintshire,FLINT_2869738291d4,2eb903818ab9,FLINT_108
Wales,W10000001,W06000005,Flintshire,FLINT_cfa1b09e02a7,feb8c1beae6e,FLINT_109
Wales,W10000001,W06000005,Flintshire,FLINT_3761f31a8d93,8380279174c7,FLINT_110
Wales,W10000001,W06000005,Flintshire,FLINT_542df116d9d2,ffd75acd84b7,FLINT_111
Wales,W10000001,W06000005,Flintshire,FLINT_06336072f9e1,05a526aee0e6,FLINT_112
Wales,W10000001,W06000005,Flintshire,FLINT_a8b91b2fd35f,210697b2be3a,FLINT_113
Wales,W10000001,W06000005,Flintshire,FLINT_bace67e83bbe,1862c4472249,FLINT_114
Wales,W10000001,W06000005,Flintshire,FLINT_b47596a0285a,c2024bfd3ee9,FLINT_115
Wales,W10000001,W06000005,Flintshire,FLINT_b8bfef46d2bd,32f3b9176731,FLINT_116
Wales,W10000001,W06000005,Flintshire,FLINT_f0823f6dc962,e6d2fae6d182,FLINT_117
Wales,W10000001,W06000005,Flintshire,FLINT_db19ccbe9c35,635e05baaaf7,FLINT_118
Wales,W10000001,W06000005,Flintshire,FLINT_d32f8decbf2f,47fef6201791,FLINT_119
Wales,W10000001,W06000005,Flintshire,FLINT_8c76431abc91,ceb6e1bb64e7,FLINT_120
Wales,W10000001,W06000005,Flintshire,FLINT_d14980940a3b,e19814f2fa09,FLINT_121
Wales,W10000001,W06000005,Flintshire,FLINT_7b872925941c,404f48c3d5e6,FLINT_122
Wales,W10000001,W06000005,Flintshire,FLINT_8086528a1e79,cea509123e90,FLINT_123
Wales,W10000001,W06000005,Flintshire,FLINT_deeea31a2216,7f8d01458ee5,FLINT_124
Wales,W10000001,W06000005,Flintshire,FLINT_d3994dca6315,5a205f0b42e5,FLINT_125
Wales,W10000001,W06000005,Flintshire,FLINT_16d5a538a526,7a054d625fff,FLINT_126
Wales,W10000001,W06000005,Flintshire,FLINT_16fecf9c5e45,0c229e9ddde5,FLINT_127
Wales,W10000001,W06000005,Flintshire,FLINT_363b081788c8,9556612f0613,FLINT_128
Wales,W10000001,W06000005,Flintshire,FLINT_d6f140aca985,6978a792fa4d,FLINT_129
Wales,W10000001,W06000005,Flintshire,FLINT_2ccb9107524d,4466fc340c96,FLINT_130
Wales,W10000001,W06000005,Flintshire,FLINT_755ab360eea6,ae923556620b,FLINT_131
Wales,W10000001,W06000005,Flintshire,FLINT_d8ed7a69a927,d2feb20d0974,FLINT_132
Wales,W10000001,W06000005,Flintshire,FLINT_f2c247bfcb95,562ac6d3c975,FLINT_133
Wales,W10000001,W06000005,Flintshire,FLINT_7e94b2dfb59b,208ac7ad25d8,FLINT_134
Wales,W10000001,W06000005,Flintshire,FLINT_15763e920705,27c7ead73ae6,FLINT_135
Wales,W10000001,W06000005,Flintshire,FLINT_d2023306ccd8,7cf47e87b7c0,FLINT_136
Wales,W10000001,W06000005,Flintshire,FLINT_47f340cfd849,c1bab8dd2621,FLINT_137
Wales,W10000001,W06000005,Flintshire,FLINT_75fce20a1f79,69c11c6b394d,FLINT_138
Wales,W10000001,W06000005,Flintshire,FLINT_fa9adcc82a6d,0e5a22415f11,FLINT_139
Wales,W10000001,W06000005,Flintshire,FLINT_ad4c6a2e3c03,d5004e4e2db8,FLINT_140
Wales,W10000001,W06000005,Flintshire,FLINT_6513e3403fcb,e17df1afc2b2,FLINT_141
Wales,W10000001,W06000005,Flintshire,FLINT_ec25e3145576,dae928d7e618,FLINT_142
Wales,W10000001,W06000005,Flintshire,FLINT_c37de196f574,c7254a94a21e,FLINT_143
Wales,W10000001,W06000005,Flintshire,FLINT_610decc9c015,ad72f2f8a9ac,FLINT_144
Wales,W10000001,W06000005,Flintshire,FLINT_ee9268fba004,638dd77d8a1d,FLINT_145
Wales,W10000001,W06000005,Flintshire,FLINT_1c5172768b78,7da32d35e8d0,FLINT_146
Wales,W10000001,W06000005,Flintshire,FLINT_72ad814073f5,ecdc6e477b95,FLINT_147
Wales,W10000001,W06000005,Flintshire,FLINT_08d38124a6ba,94cf8dd1598a,FLINT_148
Wales,W10000001,W06000005,Flintshire,FLINT_c90598215df7,ae5cabac39c6,FLINT_149
Wales,W10000001,W06000005,Flintshire,FLINT_7210a4c3b140,c9ef420f1c05,FLINT_150
Wales,W10000001,W06000005,Flintshire,FLINT_f59992995786,f076bc1ae8ec,FLINT_151
Wales,W10000001,W06000005,Flintshire,FLINT_61dfa6396214,a2b479d72c54,FLINT_152
Wales,W10000001,W06000005,Flintshire,FLINT_85b4a17694b2,535881689af4,FLINT_153
Wales,W10000001,W06000005,Flintshire,FLINT_888ac78ee971,b3d29f308a70,FLINT_154
Wales,W10000001,W06000005,Flintshire,FLINT_1e18b33bf33b,5c6c3ef9d875,FLINT_155
Wales,W10000001,W06000005,Flintshire,FLINT_39ec0e3cb26e,091d6d54d6e5,FLINT_156
Wales,W10000001,W06000005,Flintshire,FLINT_0da404b1d25f,447523b42a51,FLINT_157
Wales,W10000001,W06000005,Flintshire,FLINT_ab107b6414a0,c06fce36551b,FLINT_158
Wales,W10000001,W06000005,Flintshire,FLINT_9b877265ed85,e20d0394e87b,FLINT_159
Wales,W10000001,W06000005,Flintshire,FLINT_ef3abb9e9cf9,d49fd779bcd8,FLINT_160
Wales,W10000001,W06000005,Flintshire,FLINT_5b437a17786d,ea03d98cb8a3,FLINT_161
Wales,W10000001,W06000005,Flintshire,FLINT_c74aece9d10b,bf156d4294ea,FLINT_162
Wales,W10000001,W06000005,Flintshire,FLINT_61499a706459,58dace4649a9,FLINT_163
Wales,W10000001,W06000005,Flintshire,FLINT_1d6ac10bd0ef,f97710bde290,FLINT_164
Wales,W10000001,W06000005,Flintshire,FLINT_56afd3d706d3,4e8c4f32a744,FLINT_165
Wales,W10000001,W06000005,Flintshire,FLINT_2e36792af40b,f7145317deb0,FLINT_166
Wales,W10000001,W06000005,Flintshire,FLINT_d914f5bf974d,c3140a07861f,FLINT_167
Wales,W10000001,W06000005,Flintshire,FLINT_4c3b3e0cef5a;FLINT_566fb63ea17e;FLINT_29913a7cf33b;FLINT_354a4a7ffc46;FLINT_dc92943b73fa,83b840c407aa,FLINT_168
Wales,W10000001,W06000005,Flintshire,FLINT_43e4acf8972d,46cdcadf4926,FLINT_169
Wales,W10000001,W06000005,Flintshire,FLINT_6292169c5cd7,3b0b28a69b1f,FLINT_170
Wales,W10000001,W06000005,Flintshire,FLINT_066143f8bf52,bdb189577eed,FLINT_171
Wales,W10000001,W06000005,Flintshire,FLINT_161e15d7ee2a,b1c46399821e,FLINT_172
Wales,W10000001,W06000005,Flintshire,FLINT_544183465aaa,2e83d878d624,FLINT_173
Wales,W10000001,W06000005,Flintshire,FLINT_d78ee41fc678,add510ae614a,FLINT_174
Wales,W10000001,W06000005,Flintshire,FLINT_ad4f1a814f00,ad9c9c8cff24,FLINT_175
Wales,W10000001,W06000005,Flintshire,FLINT_f98f4e0ccb4d,9e2c013751a4,FLINT_176
Wales,W10000001,W06000005,Flintshire,FLINT_cad24a521dfd,fa6b4d98c244,FLINT_177
Wales,W10000001,W06000005,Flintshire,FLINT_b499d82b80aa,e026f3ffc8f9,FLINT_178
Wales,W10000001,W06000005,Flintshire,FLINT_c2b7b189d5d5,c5581b00a9d4,FLINT_179
Wales,W10000001,W06000005,Flintshire,FLINT_bab484d2737f,e6579994536a,FLINT_180
Wales,W10000001,W06000005,Flintshire,FLINT_f77dd64a3201,1f181dacae69,FLINT_181
Wales,W10000001,W06000005,Flintshire,FLINT_74de94bad9ca,020251f29625,FLINT_182
Wales,W10000001,W06000005,Flintshire,FLINT_95df24d9260e,439dd14019b6,FLINT_183
Wales,W10000001,W06000005,Flintshire,FLINT_52d68fdab2b6,70b4f50c1531,FLINT_184
Wales,W10000001,W06000005,Flintshire,FLINT_c53ed0edde52,09ab013d17dc,FLINT_185
Wales,W10000001,W06000005,Flintshire,FLINT_a87490d2c16a,c283f9ea4b31,FLINT_186
Wales,W10000001,W06000005,Flintshire,FLINT_86fa7ed57a09,21686ec7933e,FLINT_187
Wales,W10000001,W06000005,Flintshire,FLINT_7edcaec52f1a,203237bd55c8,FLINT_188
Wales,W10000001,W06000005,Flintshire,FLINT_97fa9bea18b2,94586120a177,FLINT_189
Wales,W10000001,W06000005,Flintshire,FLINT_51d6a9298ae2,39f45ebfef91,FLINT_190
Wales,W10000001,W06000005,Flintshire,FLINT_e36209bd5ac8,da183b7408d7,FLINT_191
Wales,W10000001,W06000005,Flintshire,FLINT_4cd35f247c25,dc4d949296b0,FLINT_192
Wales,W10000001,W06000005,Flintshire,FLINT_b5887280747e,b4f02a5daea8,FLINT_193
Wales,W10000001,W06000005,Flintshire,FLINT_2a4874f0dca1,a8c2fe100593,FLINT_194
Wales,W10000001,W06000005,Flintshire,FLINT_7038e48c4663,b169150aec2a,FLINT_195
Wales,W10000001,W06000005,Flintshire,FLINT_82500dc3210d,63bdf1d25547,FLINT_196
Wales,W10000001,W06000005,Flintshire,FLINT_e6e33b1f30bc,89e008612535,FLINT_197
Wales,W10000001,W06000005,Flintshire,FLINT_fe3133b208ba,c5a49ebee6df,FLINT_198
Wales,W10000001,W06000005,Flintshire,FLINT_2b0c98a2c941,52bea06a8482,FLINT_199
Wales,W10000001,W06000005,Flintshire,FLINT_3ce9dbced556,149e7f65dcfb,FLINT_200
Wales,W10000001,W06000005,Flintshire,FLINT_dabe581a6937,0b33cfcd2c19,FLINT_201
Wales,W10000001,W06000005,Flintshire,FLINT_1dc6848f4a22,61b30e425693,FLINT_202
Wales,W10000001,W06000005,Flintshire,FLINT_bcd0e8bfaa03,1205ebdc952c,FLINT_203
Wales,W10000001,W06000005,Flintshire,FLINT_4b637822252f,34477850117b,FLINT_204
Wales,W10000001,W06000005,Flintshire,FLINT_df98b8b998fc,11af7159c007,FLINT_205
Wales,W10000001,W06000005,Flintshire,FLINT_bd7c67b30813,819af7fb89bf,FLINT_206
Wales,W10000001,W06000005,Flintshire,FLINT_55d327260901,1b77fcb8a86c,FLINT_207
Wales,W10000001,W06000005,Flintshire,FLINT_d428d25cd244,a38e8000ac9a,FLINT_208
Wales,W10000001,W06000005,Flintshire,FLINT_818608a6d65a,5add76ab8b22,FLINT_209
Wales,W10000001,W06000005,Flintshire,FLINT_ac5671b3864f,58e90bf390e8,FLINT_210
Wales,W10000001,W06000005,Flintshire,FLINT_40362e8d6d56,067d7ed5af4c,FLINT_211
Wales,W10000001,W06000005,Flintshire,FLINT_ff85b1b27f35,ae6f9920e227,FLINT_212
Wales,W10000001,W06000005,Flintshire,FLINT_c802a3fead39,557b158b1daa,FLINT_213
Wales,W10000001,W06000005,Flintshire,FLINT_db79ec2b4405,c71c4359dc73,FLINT_214
Wales,W10000001,W06000005,Flintshire,FLINT_3cef90db524a,edda746e6c48,FLINT_215
Wales,W10000001,W06000005,Flintshire,FLINT_dda56fe7aa07,8dfaf6872c9d,FLINT_216
Wales,W10000001,W06000005,Flintshire,FLINT_e78b2331dd34,b6cc30d03555,FLINT_217
Wales,W10000001,W06000005,Flintshire,FLINT_12e208855b50,bc06ca9b6164,FLINT_218
Wales,W10000001,W06000005,Flintshire,FLINT_0417ef13b262,443491fd2ab7,FLINT_219
Wales,W10000001,W06000005,Flintshire,FLINT_5873871dcca3,c72195ac57e5,FLINT_220
Wales,W10000001,W06000005,Flintshire,FLINT_4e23e86525f1,7aecde5bf4bf,FLINT_221
Wales,W10000001,W06000005,Flintshire,FLINT_803256098ee4,836ce7b6b8bc,FLINT_222
Wales,W10000001,W06000005,Flintshire,FLINT_3339c551c68a,c16c6bb9299b,FLINT_223
Wales,W10000001,W06000005,Flintshire,FLINT_947d385ef408,46b6da4132eb,FLINT_224
Wales,W10000001,W06000005,Flintshire,FLINT_1e5aa609fc66,81b5d501fe03,FLINT_225
Wales,W10000001,W06000005,Flintshire,FLINT_e2b6cbe0377c,6709da2d22ce,FLINT_226
Wales,W10000001,W06000005,Flintshire,FLINT_ed2c57a38e8e,f275ea9a1953,FLINT_227
Wales,W10000001,W06000005,Flintshire,FLINT_873a050b91bc,60b5dbbf474d,FLINT_228
Wales,W10000001,W06000005,Flintshire,FLINT_cf2ee89c7ac3,bd02986acb7d,FLINT_229
Wales,W10000001,W06000005,Flintshire,FLINT_02f1639dbd0e,0466a495bf80,FLINT_230
Wales,W10000001,W06000005,Flintshire,FLINT_2406f00ef951,9b4f2c3bc4b3,FLINT_231
Wales,W10000001,W06000005,Flintshire,FLINT_beb5193505f8,8e31889762f9,FLINT_232
Wales,W10000001,W06000005,Flintshire,FLINT_65d4cf9a3f28,add5bbd8af24,FLINT_233
Wales,W10000001,W06000005,Flintshire,FLINT_c3cd5c6eee36,0e9c11ae811e,FLINT_234
Wales,W10000001,W06000005,Flintshire,FLINT_7955abe6361b,6c01c3f65eac,FLINT_235
Wales,W10000001,W06000005,Flintshire,FLINT_a5b354b3df0e,173c52be08a4,FLINT_236
Wales,W10000001,W06000005,Flintshire,FLINT_27b4536884e5,19f6507a9658,FLINT_237
Wales,W10000001,W06000005,Flintshire,FLINT_f6f023736efe,908073ff4c7d,FLINT_238
Wales,W10000001,W06000005,Flintshire,FLINT_556e851b04ab,03fdb2b32990,FLINT_239
Wales,W10000001,W06000005,Flintshire,FLINT_ae5681124792,52325b559530,FLINT_240
Wales,W10000001,W06000005,Flintshire,FLINT_c7e31398254a,8eb867245444,FLINT_241
Wales,W10000001,W06000005,Flintshire,FLINT_f1a09e6e899d,4cf142272686,FLINT_242
Wales,W10000001,W06000005,Flintshire,FLINT_a2116bb26509,b8b0d9d34a4f,FLINT_243
Wales,W10000001,W06000005,Flintshire,FLINT_675bc40d6339,367637166416,FLINT_244
Wales,W10000001,W06000005,Flintshire,FLINT_43476039af1a,30a759f3d596,FLINT_245
Wales,W10000001,W06000005,Flintshire,FLINT_c5c1495e6580,72421db9bc11,FLINT_246
Wales,W10000001,W06000005,Flintshire,FLINT_95def50ed2cc,d2b8ba8f6ca9,FLINT_247
Wales,W10000001,W06000005,Flintshire,FLINT_543323c5515e,06cdb9549f64,FLINT_248
Wales,W10000001,W06000005,Flintshire,FLINT_1df5a9926749,2f234303f6ac,FLINT_249
Wales,W10000001,W06000005,Flintshire,FLINT_113fa526021d,86003a40a02c,FLINT_250
Wales,W10000001,W06000005,Flintshire,FLINT_f095544aa099,48488a7a5e1c,FLINT_251
Wales,W10000001,W06000005,Flintshire,FLINT_f5eed9749385,6955d79458ea,FLINT_252
Wales,W10000001,W06000005,Flintshire,FLINT_13b09b5c70db,75da4fde72d3,FLINT_253
Wales,W10000001,W06000005,Flintshire,FLINT_91de9f9ef51f,da5124966341,FLINT_254
Wales,W10000001,W06000005,Flintshire,FLINT_b6f2ef5d36b0,e076dbeeb3a7,FLINT_255
Wales,W10000001,W06000005,Flintshire,FLINT_ae9a11184be0,cd020dbbebc8,FLINT_256
Wales,W10000001,W06000005,Flintshire,FLINT_40f0399d7604,597c60ff3da8,FLINT_257
Wales,W10000001,W06000005,Flintshire,FLINT_be9d87944776,a3a1a9ddcd23,FLINT_258
Wales,W10000001,W06000005,Flintshire,FLINT_e86aa067f255,957d0deeaf80,FLINT_259
Wales,W10000001,W06000005,Flintshire,FLINT_6d1fc3de4573,fe9ee1dd81a9,FLINT_260
Wales,W10000001,W06000005,Flintshire,FLINT_4942bff70298,a45dca35f0df,FLINT_261
Wales,W10000001,W06000005,Flintshire,FLINT_6077722d4c88,87761b63c17f,FLINT_262
Wales,W10000001,W06000005,Flintshire,FLINT_9eac0cbb9416,e6aa26189fe7,FLINT_263
Wales,W10000001,W06000005,Flintshire,FLINT_21ae9cb54f94,abb25cc7fc40,FLINT_264
Wales,W10000001,W06000005,Flintshire,FLINT_e7090a41d7c1,770fcb81c82e,FLINT_265
Wales,W10000001,W06000005,Flintshire,FLINT_6dfc65288dfd,11c72fc8b269,FLINT_266
Wales,W10000001,W06000005,Flintshire,FLINT_1f5bc1321853,27b4ee9bb26b,FLINT_267
Wales,W10000001,W06000005,Flintshire,FLINT_d396a961bc76,7ceee02d34a3,FLINT_268
Wales,W10000001,W06000005,Flintshire,FLINT_b0e1e7dc6ee6,14c81fa75fda,FLINT_269
Wales,W10000001,W06000005,Flintshire,FLINT_3dcc95f0bba2,da80737ec9f1,FLINT_270
Wales,W10000001,W06000005,Flintshire,FLINT_f961f1cf3112,6f7eb631eef4,FLINT_271
Wales,W10000001,W06000005,Flintshire,FLINT_2617d90e6d8d,b0fb5bdf5102,FLINT_272
Wales,W10000001,W06000005,Flintshire,FLINT_5a9f618c0995,60cee846121d,FLINT_273
Wales,W10000001,W06000005,Flintshire,FLINT_f5451d37e26e,578452aca0b2,FLINT_274
Wales,W10000001,W06000005,Flintshire,FLINT_9a41e3143d2e,f6fc817ca0a4,FLINT_275
Wales,W10000001,W06000005,Flintshire,FLINT_441cbd1104d0,7c393ba7c3c2,FLINT_276
Wales,W10000001,W06000005,Flintshire,FLINT_a14b7d9e7773,ea43b8f9e4d2,FLINT_277
Wales,W10000001,W06000005,Flintshire,FLINT_b2e28d830a98,e1cbd6077031,FLINT_278
Wales,W10000001,W06000005,Flintshire,FLINT_3f7c6d1852c4,7d5df0806d56,FLINT_279
Wales,W10000001,W06000005,Flintshire,FLINT_91f898417fad,fcc8eb1c518d,FLINT_280
Wales,W10000001,W06000005,Flintshire,FLINT_e0fd3e688e49,e642789025b6,FLINT_281
Wales,W10000001,W06000005,Flintshire,FLINT_40edba3ef56a,a8b44bb80ae1,FLINT_282
Wales,W10000001,W06000005,Flintshire,FLINT_b56f3055523c,4a0a68ace23c,FLINT_283
Wales,W10000001,W06000005,Flintshire,FLINT_7bbf6f2ff085,280668cb19a4,FLINT_284
Wales,W10000001,W06000005,Flintshire,FLINT_52768c0c7c34,1bfc55fcee84,FLINT_285
Wales,W10000001,W06000005,Flintshire,FLINT_cb6312c298fa,ab746ae4a5fe,FLINT_286
Wales,W10000001,W06000005,Flintshire,FLINT_24c8cf2f8d1d,6556a808cd63,FLINT_287
Wales,W10000001,W06000005,Flintshire,FLINT_9343d5b844eb,90be7ca38110,FLINT_288
Wales,W10000001,W06000005,Flintshire,FLINT_f257510345cd,90c5991aa87d,FLINT_289
Wales,W10000001,W06000005,Flintshire,FLINT_dcfcfb18cf2e,33f16700c40a,FLINT_290
Wales,W10000001,W06000005,Flintshire,FLINT_9b447923eccd,4ca28585c105,FLINT_291
Wales,W10000001,W06000005,Flintshire,FLINT_7875c089954a,de2bd284f312,FLINT_292
Wales,W10000001,W06000005,Flintshire,FLINT_81d8aa1ebcbd,6a6329c706c3,FLINT_293
Wales,W10000001,W06000005,Flintshire,FLINT_9bd129133cf4,534bc6dfa432,FLINT_294
Wales,W10000001,W06000005,Flintshire,FLINT_c7e805f5a987,f7396ef2d9fb,FLINT_295
Wales,W10000001,W06000005,Flintshire,FLINT_d9337d6baf44,4d56b7ebc130,FLINT_296
Wales,W10000001,W06000005,Flintshire,FLINT_182e21742f36,34e27460f692,FLINT_297
Wales,W10000001,W06000005,Flintshire,FLINT_351ebccb6c04,887a490a6b93,FLINT_298
Wales,W10000001,W06000005,Flintshire,FLINT_aec90e8ec391,cec697e376af,FLINT_299
Wales,W10000001,W06000005,Flintshire,FLINT_41f66b7d1eab,4de555cfd9a9,FLINT_300
Wales,W10000001,W06000005,Flintshire,FLINT_65254e7314e7,fa1fb6c42de3,FLINT_301
Wales,W10000001,W06000005,Flintshire,FLINT_cd4ed0df6560,9e5086c99c09,FLINT_302
Wales,W10000001,W06000005,Flintshire,FLINT_95afbf1166b3,f4b845aca58d,FLINT_303
Wales,W10000001,W06000005,Flintshire,FLINT_42bdc22f3275,c535a943f16d,FLINT_304
Wales,W10000001,W06000005,Flintshire,FLINT_2d5027c2f132,ad52564c0dbe,FLINT_305
Wales,W10000001,W06000005,Flintshire,FLINT_508d4c0626b8,bed46ce4bd0a,FLINT_306
Wales,W10000001,W06000005,Flintshire,FLINT_9a9f39e80f36,1d4f3098d2d8,FLINT_307
Wales,W10000001,W06000005,Flintshire,FLINT_e55f0e34bff4,59cf04833247,FLINT_308
Wales,W10000001,W06000005,Flintshire,FLINT_69dc8827fcb6,39e736c6bdb4,FLINT_309
Wales,W10000001,W06000005,Flintshire,FLINT_aee89c50fd5a,4a3b190d3581,FLINT_310
Wales,W10000001,W06000005,Flintshire,FLINT_c4c7044a74ee,1f31e7d50a5a,FLINT_311
Wales,W10000001,W06000005,Flintshire,FLINT_a08843a8520f,b215720658f4,FLINT_312
Wales,W10000001,W06000005,Flintshire,FLINT_e3c7b922ee52,0f09e31665c0,FLINT_313
Wales,W10000001,W06000005,Flintshire,FLINT_4ce36fcb77c2,c1490fafa132,FLINT_314
Wales,W10000001,W06000005,Flintshire,FLINT_66067d4a65c9,ff1c85298e47,FLINT_315
Wales,W10000001,W06000005,Flintshire,FLINT_3eb4749de099,7a101d4afa02,FLINT_316
Wales,W10000001,W06000005,Flintshire,FLINT_83ed5f63156f,abb51eea08a8,FLINT_317
Wales,W10000001,W06000005,Flintshire,FLINT_b5367acc28fb,c54f289b1164,FLINT_318
Wales,W10000001,W06000005,Flintshire,FLINT_c236730a65e8,63cee1369745,FLINT_319
Wales,W10000001,W06000005,Flintshire,FLINT_24ea4e7d2399,d053acefb6e7,FLINT_320
Wales,W10000001,W06000005,Flintshire,FLINT_8c50e6467dd0,d1cf0ff1b5be,FLINT_321
Wales,W10000001,W06000005,Flintshire,FLINT_d245e362b2d5,9b34d64583a3,FLINT_322
Wales,W10000001,W06000005,Flintshire,FLINT_1e4cb651f632,8ab6f03a107d,FLINT_323
Wales,W10000001,W06000005,Flintshire,FLINT_a0fa776a5c8b,c710bd6e9143,FLINT_324
Wales,W10000001,W06000005,Flintshire,FLINT_575eadc891ba,0aebad0e6d80,FLINT_325
Wales,W10000001,W06000005,Flintshire,FLINT_57d13b3441d8,b0ad14a9be1e,FLINT_326
Wales,W10000001,W06000005,Flintshire,FLINT_ce57d1df140f,870317e3dc55,FLINT_327
Wales,W10000001,W06000005,Flintshire,FLINT_b4afd9d61fa0,3eb57e98da20,FLINT_328
Wales,W10000001,W06000005,Flintshire,FLINT_ffbc5f7678c2,ed063093ccd4,FLINT_329
Wales,W10000001,W06000005,Flintshire,FLINT_98d0ac58012e,9636d2d9960e,FLINT_330
Wales,W10000001,W06000005,Flintshire,FLINT_eb0b6c156114,e07ceba32122,FLINT_331
Wales,W10000001,W06000005,Flintshire,FLINT_6d48f7fc14a8,e28a0a63d6a3,FLINT_332
Wales,W10000001,W06000005,Flintshire,FLINT_38a5cb3d19f8,84b9b3440f80,FLINT_333
Wales,W10000001,W06000005,Flintshire,FLINT_4d26ade8f83c,c951fd5082eb,FLINT_334
Wales,W10000001,W06000005,Flintshire,FLINT_f876386d3ed2,7efd46eb10e2,FLINT_335
Wales,W10000001,W06000005,Flintshire,FLINT_1b16b64c2248,41d978d4e5cb,FLINT_336
Wales,W10000001,W06000005,Flintshire,FLINT_5fe815c468af,7915a6fcae4a,FLINT_337
Wales,W10000001,W06000005,Flintshire,FLINT_6e4a7ac86e7b,adcc523878d8,FLINT_338
Wales,W10000001,W06000005,Flintshire,FLINT_a4f0e0859ae8,b68f1fc5c361,FLINT_339
Wales,W10000001,W06000005,Flintshire,FLINT_846bbc0e7fc7,869a7387f829,FLINT_340
Wales,W10000001,W06000005,Flintshire,FLINT_331a9226560d,a5dc5feab9ca,FLINT_341
Wales,W10000001,W06000005,Flintshire,FLINT_cf1dbd15ed6c,f834ba347d8a,FLINT_342
Wales,W10000001,W06000005,Flintshire,FLINT_87b00f9c3c6b,1e0aefae3863,FLINT_343
Wales,W10000001,W06000005,Flintshire,FLINT_f95985806437,3e3da50e2c9b,FLINT_344
Wales,W10000001,W06000005,Flintshire,FLINT_100049233e4a,cec5d69539fb,FLINT_345
Wales,W10000001,W06000005,Flintshire,FLINT_2e233518969e,449b422279da,FLINT_346
Wales,W10000001,W06000005,Flintshire,FLINT_918eedad5430,b34b417167e7,FLINT_347
Wales,W10000001,W06000005,Flintshire,FLINT_62f1a956887c,dac363d576dc,FLINT_348
Wales,W10000001,W06000005,Flintshire,FLINT_b5a14f3a92c0,01d7dbfc6856,FLINT_349
Wales,W10000001,W06000005,Flintshire,FLINT_7ed1033af987,34d14d77ea0e,FLINT_350
Wales,W10000001,W06000005,Flintshire,FLINT_ba3aae485505,57821d246276,FLINT_351
Wales,W10000001,W06000005,Flintshire,FLINT_9207feabea88,b86ed289d584,FLINT_352
Wales,W10000001,W06000005,Flintshire,FLINT_424c7d0d4fbd,24551a3a762e,FLINT_353
Wales,W10000001,W06000005,Flintshire,FLINT_f7ec85c54f38,8deb960a43ee,FLINT_354
Wales,W10000001,W06000005,Flintshire,FLINT_de5e7db58b3c,9e5c92934560,FLINT_355
Wales,W10000001,W06000005,Flintshire,FLINT_81c8972b6544,bb81e79f20dc,FLINT_356
Wales,W10000001,W06000005,Flintshire,FLINT_3fc5e6ff04e1,e3f92da1977a,FLINT_357
Wales,W10000001,W06000005,Flintshire,FLINT_88c754153fce,b7ba985ea8a0,FLINT_358
Wales,W10000001,W06000005,Flintshire,FLINT_354f65e278c8,f10e8ba934a7,FLINT_359
Wales,W10000001,W06000005,Flintshire,FLINT_b29584ae6e09,1c806ae1f34d,FLINT_360
Wales,W10000001,W06000005,Flintshire,FLINT_34a6255bb2a0,b49aaaccadcf,FLINT_361
Wales,W10000001,W06000005,Flintshire,FLINT_7bfcbcdae0cd,1657ced43ff5,FLINT_362
Wales,W10000001,W06000005,Flintshire,FLINT_74369f06acc7,c736980e7a1e,FLINT_363
Wales,W10000001,W06000005,Flintshire,FLINT_d9415cf7d941,66dedd5f3bca,FLINT_364
Wales,W10000001,W06000005,Flintshire,FLINT_8c5251dc70fb,5c530b15a1c3,FLINT_365
Wales,W10000001,W06000005,Flintshire,FLINT_83cb96b52789,30c0eaf5a163,FLINT_366
Wales,W10000001,W06000005,Flintshire,FLINT_e3314f74dcf7,daac1bcd3a6b,FLINT_367
Wales,W10000001,W06000005,Flintshire,FLINT_5e9d92e6375a,b45a80a991bb,FLINT_368
Wales,W10000001,W06000005,Flintshire,FLINT_44780b90e08c,dd7cc3c6be31,FLINT_369
Wales,W10000001,W06000005,Flintshire,FLINT_45306efd2fd6,78319ee3de42,FLINT_370
Wales,W10000001,W06000005,Flintshire,FLINT_7695a5dfac8c,7085dc928b23,FLINT_371
Wales,W10000001,W06000005,Flintshire,FLINT_b629d99a7752,96c9c9c19602,FLINT_372
Wales,W10000001,W06000005,Flintshire,FLINT_699c3de7a73d,2faba6ef91c5,FLINT_373
Wales,W10000001,W06000005,Flintshire,FLINT_f9c60f55b171,db067cf2e8c3,FLINT_374
Wales,W10000001,W06000005,Flintshire,FLINT_8a202c8bdd40,0b174cec532d,FLINT_375
Wales,W10000001,W06000005,Flintshire,FLINT_ab8a0c549773,840f6ffac356,FLINT_376
Wales,W10000001,W06000005,Flintshire,FLINT_a021d12f9983,7f8bf04b6653,FLINT_377
Wales,W10000001,W06000005,Flintshire,FLINT_92c6dca8ec3b,ee7b318047f6,FLINT_378
Wales,W10000001,W06000005,Flintshire,FLINT_751bc62042f0,bbeca34a9cba,FLINT_379
Wales,W10000001,W06000005,Flintshire,FLINT_da70c6a8ed23,641172954352,FLINT_380
Wales,W10000001,W06000005,Flintshire,FLINT_5797357817af,33e3d3637ab0,FLINT_381
Wales,W10000001,W06000005,Flintshire,FLINT_a5d785d09e6a,93e61519f47a,FLINT_382
Wales,W10000001,W06000005,Flintshire,FLINT_951d902c0473,4917e500db7d,FLINT_383
Wales,W10000001,W06000005,Flintshire,FLINT_258f25dd3982,7a59285ec849,FLINT_384
Wales,W10000001,W06000005,Flintshire,FLINT_f42d90f99ce1,1ebe7f2a6088,FLINT_385
Wales,W10000001,W06000005,Flintshire,FLINT_ffa722d3932a,1ac2db964904,FLINT_386
Wales,W10000001,W06000005,Flintshire,FLINT_a2d7401a37d1,3e01ac59c4ba,FLINT_387
Wales,W10000001,W06000005,Flintshire,FLINT_ccb7562a60b5,87d2fe707c18,FLINT_388
Wales,W10000001,W06000005,Flintshire,FLINT_7c2e287828ca,c343e913b707,FLINT_389
Wales,W10000001,W06000005,Flintshire,FLINT_b3d6777ef718,d118eca0c931,FLINT_390
Wales,W10000001,W06000005,Flintshire,FLINT_5579c5c6752f,4fb96bc07d5b,FLINT_391
Wales,W10000001,W06000005,Flintshire,FLINT_6f44db1e9812,b1307601a09a,FLINT_392
Wales,W10000001,W06000005,Flintshire,FLINT_ad65c09cb4dc,845e53225661,FLINT_393
Wales,W10000001,W06000005,Flintshire,FLINT_91c60638e8c3,effa376e8aad,FLINT_394
Wales,W10000001,W06000005,Flintshire,FLINT_961f4a0bc565,aba5f9f5ca42,FLINT_395
Wales,W10000001,W06000005,Flintshire,FLINT_4d5160f53d7b,e1769ba0091b,FLINT_396
Wales,W10000001,W06000005,Flintshire,FLINT_e58f00318107,a23bf026d129,FLINT_397
Wales,W10000001,W06000005,Flintshire,FLINT_0190523b079b,c2f43abee815,FLINT_398
Wales,W10000001,W06000005,Flintshire,FLINT_fa82077fc424,8564eb584e7c,FLINT_399
Wales,W10000001,W06000005,Flintshire,FLINT_4d20f7f15022,fb421daa3b50,FLINT_400
Wales,W10000001,W06000005,Flintshire,FLINT_a588cca68e8c,b6257bc88f4b,FLINT_401
Wales,W10000001,W06000005,Flintshire,FLINT_e0239bed4ca2,62a15c9db3e6,FLINT_402
Wales,W10000001,W06000005,Flintshire,FLINT_5f74964a94b7,ade8f05f24db,FLINT_403
Wales,W10000001,W06000005,Flintshire,FLINT_316882bcd1f8,8d4a88972de3,FLINT_404
Wales,W10000001,W06000005,Flintshire,FLINT_c2f90ebff7f9,66e1c3c9e998,FLINT_405
Wales,W10000001,W06000005,Flintshire,FLINT_b636b44dbe2a,143304bfa8b5,FLINT_406
Wales,W10000001,W06000005,Flintshire,FLINT_76ab90c85afa,bdcee9b3b520,FLINT_407
Wales,W10000001,W06000005,Flintshire,FLINT_f626731705dd,8cd778cc85b4,FLINT_408
Wales,W10000001,W06000005,Flintshire,FLINT_91cb0a0c0889,cb31c26dfde5,FLINT_409
Wales,W10000001,W06000005,Flintshire,FLINT_a9d664454d19,f50cce3014ef,FLINT_410
Wales,W10000001,W06000005,Flintshire,FLINT_eb32729af1ed,17b77afc0708,FLINT_411
Wales,W10000001,W06000005,Flintshire,FLINT_ac93d2a15de3,f8b03f3f1cea,FLINT_412
Wales,W10000001,W06000005,Flintshire,FLINT_4625aee83111,3327fe7f1edc,FLINT_413
Wales,W10000001,W06000005,Flintshire,FLINT_8d96c180b73c,72359a4dc2b1,FLINT_414
Wales,W10000001,W06000005,Flintshire,FLINT_7d2b3be4dda0,9cb78ba4d0fd,FLINT_415
Wales,W10000001,W06000005,Flintshire,FLINT_05d1e51cae87,137bdde0b29e,FLINT_416
Wales,W10000001,W06000005,Flintshire,FLINT_2e4c4113aedb,6dc9330fa8bc,FLINT_417
Wales,W10000001,W06000005,Flintshire,FLINT_c16718c03794,0d89b7ff384b,FLINT_418
Wales,W10000001,W06000005,Flintshire,FLINT_3dd91f9aa3ba,4d652b7a8408,FLINT_419
Wales,W10000001,W06000005,Flintshire,FLINT_f79606353db5,19d6fa6b7a88,FLINT_420
Wales,W10000001,W06000005,Flintshire,FLINT_74173bf8c35a,dfa0e5cc4077,FLINT_421
Wales,W10000001,W06000005,Flintshire,FLINT_24475ea69ce4,df221dbf2e8a,FLINT_422
Wales,W10000001,W06000005,Flintshire,FLINT_e7113ea1240d,ebc71383623f,FLINT_423
Wales,W10000001,W06000005,Flintshire,FLINT_56f93cf0415a,1d620a985c4b,FLINT_424
Wales,W10000001,W06000005,Flintshire,FLINT_38d5bab2ac84,7b3b824370d5,FLINT_425
Wales,W10000001,W06000005,Flintshire,FLINT_45dac6b84a2a,2c82f91645e7,FLINT_426
Wales,W10000001,W06000005,Flintshire,FLINT_ab334b50314d,06c6aab3c8e4,FLINT_427
Wales,W10000001,W06000005,Flintshire,FLINT_caaf7a498493,2fe8fb10766c,FLINT_428
Wales,W10000001,W06000005,Flintshire,FLINT_47b5e5670b89,b07411aa0c8d,FLINT_429
Wales,W10000001,W06000005,Flintshire,FLINT_dd6fe3613d1b,17eb3677a1ec,FLINT_430
Wales,W10000001,W06000005,Flintshire,FLINT_3bd8abc02cbd,85fb6240cd8b,FLINT_431
Wales,W10000001,W06000005,Flintshire,FLINT_27bc03b92751,26dcdd7303b6,FLINT_432
Wales,W10000001,W06000005,Flintshire,FLINT_651909df11ec,8ec1710c7256,FLINT_433
Wales,W10000001,W06000005,Flintshire,FLINT_04227d4eac06,c091d41c6be2,FLINT_434
Wales,W10000001,W06000005,Flintshire,FLINT_7d4b604e5bff,43a200c609be,FLINT_435
Wales,W10000001,W06000005,Flintshire,FLINT_7199f3ee69ac,7060324d0ec8,FLINT_436
Wales,W10000001,W06000005,Flintshire,FLINT_3621c4182f75,eb1603f12a50,FLINT_437
Wales,W10000001,W06000005,Flintshire,FLINT_93d66d6aa33b,e34fc2f11a37,FLINT_438
Wales,W10000001,W06000005,Flintshire,FLINT_c9d86a6b50da,86f3e6f40268,FLINT_439
Wales,W10000001,W06000005,Flintshire,FLINT_7b89a0f902b0,f3e55eeadb24,FLINT_440
Wales,W10000001,W06000005,Flintshire,FLINT_8d5a52785123,6c48952c7dbe,FLINT_441
Wales,W10000001,W06000005,Flintshire,FLINT_752f07ca7b2a,6c0b5f187517,FLINT_442
Wales,W10000001,W06000005,Flintshire,FLINT_d904823c9255,54c8e2435dd1,FLINT_443
Wales,W10000001,W06000005,Flintshire,FLINT_f64c22e4e441,ee99164cd5a0,FLINT_444
Wales,W10000001,W06000005,Flintshire,FLINT_a49d6cd4feb3,97231302d1ea,FLINT_445
Wales,W10000001,W06000005,Flintshire,FLINT_3c42f1c7e889,1ef4a415598d,FLINT_446
Wales,W10000001,W06000005,Flintshire,FLINT_983d1fdda07e,642929ecbf21,FLINT_447
Wales,W10000001,W06000005,Flintshire,FLINT_40505448c21c,07bd5e3e92ba,FLINT_448
Wales,W10000001,W06000005,Flintshire,FLINT_16fa2d41dd65,97476eb5d72c,FLINT_449
Wales,W10000001,W06000005,Flintshire,FLINT_522c99fdab6f,6683b135eb64,FLINT_450
Wales,W10000001,W06000005,Flintshire,FLINT_b9723f8bf22f,956aaae5622b,FLINT_451
Wales,W10000001,W06000005,Flintshire,FLINT_cde87e5053bc,56ce56f2bc29,FLINT_452
Wales,W10000001,W06000005,Flintshire,FLINT_aae60de587f3,92facd3bdbec,FLINT_453
Wales,W10000001,W06000005,Flintshire,FLINT_468e2f3e9436,d7315e66a15a,FLINT_454
Wales,W10000001,W06000005,Flintshire,FLINT_09fd471b3cea,a62f4a798cba,FLINT_455
Wales,W10000001,W06000005,Flintshire,FLINT_ae506fe65d6c,1defba614a68,FLINT_456
Wales,W10000001,W06000005,Flintshire,FLINT_63e469cf82e0,faa856933718,FLINT_457
Wales,W10000001,W06000005,Flintshire,FLINT_ded05d60f117,0c7d2ea41809,FLINT_458
Wales,W10000001,W06000005,Flintshire,FLINT_076cece8c5ea,4e41949d1e90,FLINT_459
Wales,W10000001,W06000005,Flintshire,FLINT_f1eb7f6ae149,503e6cf228ee,FLINT_460
Wales,W10000001,W06000005,Flintshire,FLINT_a12c0d54ad09,517bedccafde,FLINT_461
Wales,W10000001,W06000005,Flintshire,FLINT_1aeb1e06def8,404ad96ad6c7,FLINT_462
Wales,W10000001,W06000005,Flintshire,FLINT_95932ef166f1,140d8286ed39,FLINT_463
Wales,W10000001,W06000005,Flintshire,FLINT_11f7ec5eabd7,79122f01251c,FLINT_464
Wales,W10000001,W06000005,Flintshire,FLINT_c6c60dee5d92,687b08737e10,FLINT_465
Wales,W10000001,W06000005,Flintshire,FLINT_0c7b3229ba99,de5af70e092f,FLINT_466
Wales,W10000001,W06000005,Flintshire,FLINT_bea32a22d2f6,1fbcf55657ba,FLINT_467
Wales,W10000001,W06000005,Flintshire,FLINT_de08ea6b8695,edcc3f32c60e,FLINT_468
Wales,W10000001,W06000005,Flintshire,FLINT_23eb162b47e3,1c2d951cbf7e,FLINT_469
Wales,W10000001,W06000005,Flintshire,FLINT_197532ce3bad,d3d0a6b951bd,FLINT_470
Wales,W10000001,W06000005,Flintshire,FLINT_5b6b8c9327eb,747db428e386,FLINT_471
Wales,W10000001,W06000005,Flintshire,FLINT_d44e8cee6bb8,78c83cc4a18e,FLINT_472
Wales,W10000001,W06000005,Flintshire,FLINT_4e2a4ad01b91,6a2023b914e7,FLINT_473
Wales,W10000001,W06000005,Flintshire,FLINT_2ae128df413f,4bdea9ed1974,FLINT_474
Wales,W10000001,W06000005,Flintshire,FLINT_db0aa61246ee,f66390ffbfed,FLINT_475
Wales,W10000001,W06000005,Flintshire,FLINT_8e63b421ddbc,40119d8f4627,FLINT_476
Wales,W10000001,W06000005,Flintshire,FLINT_54e5d9d097b8,7bb131449b45,FLINT_477
Wales,W10000001,W06000005,Flintshire,FLINT_a8505436cd93,e7a4679c0b36,FLINT_478
Wales,W10000001,W06000005,Flintshire,FLINT_3b2fa4d44cfc,ad34930a6a7f,FLINT_479
Wales,W10000001,W06000005,Flintshire,FLINT_4f2a1d5eb77e,41c4ee00dba9,FLINT_480
Wales,W10000001,W06000005,Flintshire,FLINT_a6a774112010,bdec5ec6c6ef,FLINT_481
Wales,W10000001,W06000005,Flintshire,FLINT_416900e9ffdf,aa3898be608f,FLINT_482
Wales,W10000001,W06000005,Flintshire,FLINT_284e9b65142d,f73e39a45b04,FLINT_483
Wales,W10000001,W06000005,Flintshire,FLINT_3c2f2a8222e2,bdc703ae90fd,FLINT_484
Wales,W10000001,W06000005,Flintshire,FLINT_140a57c84e2d,6faef5fb32bc,FLINT_485
Wales,W10000001,W06000005,Flintshire,FLINT_3ce4ccb0320a,ca59fa722649,FLINT_486
Wales,W10000001,W06000005,Flintshire,FLINT_0a22f353174b,9559ec62a75c,FLINT_487
Wales,W10000001,W06000005,Flintshire,FLINT_054525b09047,705990b9fd9f,FLINT_488
Wales,W10000001,W06000005,Flintshire,FLINT_e294653bed94,eb283788b15a,FLINT_489
Wales,W10000001,W06000005,Flintshire,FLINT_14645130b150,5c54645afe2c,FLINT_490
Wales,W10000001,W06000005,Flintshire,FLINT_26d4356cd2aa,654fe729428f,FLINT_491
Wales,W10000001,W06000005,Flintshire,FLINT_c2c370d85d8a,70eb619f719f,FLINT_492
Wales,W10000001,W06000005,Flintshire,FLINT_87cef672af21,0fb14518b818,FLINT_493
Wales,W10000001,W06000005,Flintshire,FLINT_148be5a55fb0,92cdd5f5c5ae,FLINT_494
Wales,W10000001,W06000005,Flintshire,FLINT_d80a5861399b,4b0db91b48e2,FLINT_495
Wales,W10000001,W06000005,Flintshire,FLINT_a72f2e58420d,5a6e0d3d3440,FLINT_496
Wales,W10000001,W06000005,Flintshire,FLINT_a856511b3920,ebda02963dc4,FLINT_497
Wales,W10000001,W06000005,Flintshire,FLINT_2a4c829f3d89,8db8ec66bff0,FLINT_498
Wales,W10000001,W06000005,Flintshire,FLINT_4727e5a7f4ed,db614631bbfa,FLINT_499
Wales,W10000001,W06000005,Flintshire,FLINT_2b80bf2dc72e,28cac4a77b90,FLINT_500
Wales,W10000001,W06000005,Flintshire,FLINT_fd076f982cdd,ec3eb3a95d25,FLINT_501
Wales,W10000001,W06000005,Flintshire,FLINT_112ae7a5db30,478c11acc285,FLINT_502
Wales,W10000001,W06000005,Flintshire,FLINT_f85cc4b9a019,b157462caee7,FLINT_503
Wales,W10000001,W06000005,Flintshire,FLINT_5d7c87762d37,fc344d9adbaf,FLINT_504
Wales,W10000001,W06000005,Flintshire,FLINT_77f204664b0b,04b6acb5f158,FLINT_505
Wales,W10000001,W06000005,Flintshire,FLINT_1ab060ada55c,9ed1f45c471d,FLINT_506
Wales,W10000001,W06000005,Flintshire,FLINT_2df42443148b,38cc90f6c48c,FLINT_507
Wales,W10000001,W06000005,Flintshire,FLINT_973c592e6b54,dede050664f1,FLINT_508
Wales,W10000001,W06000005,Flintshire,FLINT_afe8d6bf0b9f,2173b9ba0f3f,FLINT_509
Wales,W10000001,W06000005,Flintshire,FLINT_bda27b6f80fb,a2056322d5ca,FLINT_510
Wales,W10000001,W06000005,Flintshire,FLINT_48e4b86301dc,a03559020529,FLINT_511
